Sim,Time,FILE
run01,1,run01/001_density_001_064_2.0.vti
run01,2,run01/002_density_002_064_2.0.vti
run01,3,run01/003_density_003_064_2.0.vti
run01,4,run01/004_density_004_064_2.0.vti
run01,5,run01/005_density_005_064_2.0.vti
run01,6,run01/006_density_006_064_2.0.vti
run01,7,run01/007_density_007_064_2.0.vti
run01,8,run01/008_density_008_064_2.0.vti
run01,9,run01/009_density_009_064_2.0.vti
run01,10,run01/010_density_010_064_2.0.vti
run01,11,run01/011_density_011_064_2.0.vti
run01,12,run01/012_density_012_064_2.0.vti
run01,13,run01/013_density_013_064_2.0.vti
run01,14,run01/014_density_014_064_2.0.vti
run01,15,run01/015_density_015_064_2.0.vti
run01,16,run01/016_density_016_064_2.0.vti
run01,17,run01/017_density_017_064_2.0.vti
run01,18,run01/018_density_018_064_2.0.vti
run01,19,run01/019_density_019_064_2.0.vti
run01,20,run01/020_density_020_064_2.0.vti
run01,21,run01/021_density_021_064_2.0.vti
run01,22,run01/022_density_022_064_2.0.vti
run01,23,run01/023_density_023_064_2.0.vti
run01,24,run01/024_density_024_064_2.0.vti
run01,25,run01/025_density_025_064_2.0.vti
run01,26,run01/026_density_026_064_2.0.vti
run01,27,run01/027_density_027_064_2.0.vti
run01,28,run01/028_density_028_064_2.0.vti
run01,29,run01/029_density_029_064_2.0.vti
run01,30,run01/030_density_030_064_2.0.vti
run01,31,run01/031_density_031_064_2.0.vti
run01,32,run01/032_density_032_064_2.0.vti
run01,33,run01/033_density_033_064_2.0.vti
run01,34,run01/034_density_034_064_2.0.vti
run01,35,run01/035_density_035_064_2.0.vti
run01,36,run01/036_density_036_064_2.0.vti
run01,37,run01/037_density_037_064_2.0.vti
run01,38,run01/038_density_038_064_2.0.vti
run01,39,run01/039_density_039_064_2.0.vti
run01,40,run01/040_density_040_064_2.0.vti
run01,41,run01/041_density_041_064_2.0.vti
run01,42,run01/042_density_042_064_2.0.vti
run01,43,run01/043_density_043_064_2.0.vti
run01,44,run01/044_density_044_064_2.0.vti
run01,45,run01/045_density_045_064_2.0.vti
run01,46,run01/046_density_046_064_2.0.vti
run01,47,run01/047_density_047_064_2.0.vti
run01,48,run01/048_density_048_064_2.0.vti
run01,49,run01/049_density_049_064_2.0.vti
run01,50,run01/050_density_050_064_2.0.vti
run01,51,run01/051_density_051_064_2.0.vti
run01,52,run01/052_density_052_064_2.0.vti
run01,53,run01/053_density_053_064_2.0.vti
run01,54,run01/054_density_054_064_2.0.vti
run01,55,run01/055_density_055_064_2.0.vti
run01,56,run01/056_density_056_064_2.0.vti
run01,57,run01/057_density_057_064_2.0.vti
run01,58,run01/058_density_058_064_2.0.vti
run01,59,run01/059_density_059_064_2.0.vti
run01,60,run01/060_density_060_064_2.0.vti
run01,61,run01/061_density_061_064_2.0.vti
run01,62,run01/062_density_062_064_2.0.vti
run01,63,run01/063_density_063_064_2.0.vti
run01,64,run01/064_density_064_064_2.0.vti
run01,65,run01/065_density_065_064_2.0.vti
run01,66,run01/066_density_066_064_2.0.vti
run01,67,run01/067_density_067_064_2.0.vti
run01,68,run01/068_density_068_064_2.0.vti
run01,69,run01/069_density_069_064_2.0.vti
run01,70,run01/070_density_070_064_2.0.vti
run01,71,run01/071_density_071_064_2.0.vti
run01,72,run01/072_density_072_064_2.0.vti
run01,73,run01/073_density_073_064_2.0.vti
run01,74,run01/074_density_074_064_2.0.vti
run01,75,run01/075_density_075_064_2.0.vti
run01,76,run01/076_density_076_064_2.0.vti
run01,77,run01/077_density_077_064_2.0.vti
run01,78,run01/078_density_078_064_2.0.vti
run01,79,run01/079_density_079_064_2.0.vti
run01,80,run01/080_density_080_064_2.0.vti
run01,81,run01/081_density_081_064_2.0.vti
run01,82,run01/082_density_082_064_2.0.vti
run01,83,run01/083_density_083_064_2.0.vti
run01,84,run01/084_density_084_064_2.0.vti
run01,85,run01/085_density_085_064_2.0.vti
run01,86,run01/086_density_086_064_2.0.vti
run01,87,run01/087_density_087_064_2.0.vti
run01,88,run01/088_density_088_064_2.0.vti
run01,89,run01/089_density_089_064_2.0.vti
run01,90,run01/090_density_090_064_2.0.vti
run01,91,run01/091_density_091_064_2.0.vti
run01,92,run01/092_density_092_064_2.0.vti
run01,93,run01/093_density_093_064_2.0.vti
run01,94,run01/094_density_094_064_2.0.vti
run01,95,run01/095_density_095_064_2.0.vti
run01,96,run01/096_density_096_064_2.0.vti
run01,97,run01/097_density_097_064_2.0.vti
run01,98,run01/098_density_098_064_2.0.vti
run01,99,run01/099_density_099_064_2.0.vti
run02,1,run02/001_density_001_064_2.0.vti
run02,2,run02/002_density_002_064_2.0.vti
run02,3,run02/003_density_003_064_2.0.vti
run02,4,run02/004_density_004_064_2.0.vti
run02,5,run02/005_density_005_064_2.0.vti
run02,6,run02/006_density_006_064_2.0.vti
run02,7,run02/007_density_007_064_2.0.vti
run02,8,run02/008_density_008_064_2.0.vti
run02,9,run02/009_density_009_064_2.0.vti
run02,10,run02/010_density_010_064_2.0.vti
run02,11,run02/011_density_011_064_2.0.vti
run02,12,run02/012_density_012_064_2.0.vti
run02,13,run02/013_density_013_064_2.0.vti
run02,14,run02/014_density_014_064_2.0.vti
run02,15,run02/015_density_015_064_2.0.vti
run02,16,run02/016_density_016_064_2.0.vti
run02,17,run02/017_density_017_064_2.0.vti
run02,18,run02/018_density_018_064_2.0.vti
run02,19,run02/019_density_019_064_2.0.vti
run02,20,run02/020_density_020_064_2.0.vti
run02,21,run02/021_density_021_064_2.0.vti
run02,22,run02/022_density_022_064_2.0.vti
run02,23,run02/023_density_023_064_2.0.vti
run02,24,run02/024_density_024_064_2.0.vti
run02,25,run02/025_density_025_064_2.0.vti
run02,26,run02/026_density_026_064_2.0.vti
run02,27,run02/027_density_027_064_2.0.vti
run02,28,run02/028_density_028_064_2.0.vti
run02,29,run02/029_density_029_064_2.0.vti
run02,30,run02/030_density_030_064_2.0.vti
run02,31,run02/031_density_031_064_2.0.vti
run02,32,run02/032_density_032_064_2.0.vti
run02,33,run02/033_density_033_064_2.0.vti
run02,34,run02/034_density_034_064_2.0.vti
run02,35,run02/035_density_035_064_2.0.vti
run02,36,run02/036_density_036_064_2.0.vti
run02,37,run02/037_density_037_064_2.0.vti
run02,38,run02/038_density_038_064_2.0.vti
run02,39,run02/039_density_039_064_2.0.vti
run02,40,run02/040_density_040_064_2.0.vti
run02,41,run02/041_density_041_064_2.0.vti
run02,42,run02/042_density_042_064_2.0.vti
run02,43,run02/043_density_043_064_2.0.vti
run02,44,run02/044_density_044_064_2.0.vti
run02,45,run02/045_density_045_064_2.0.vti
run02,46,run02/046_density_046_064_2.0.vti
run02,47,run02/047_density_047_064_2.0.vti
run02,48,run02/048_density_048_064_2.0.vti
run02,49,run02/049_density_049_064_2.0.vti
run02,50,run02/050_density_050_064_2.0.vti
run02,51,run02/051_density_051_064_2.0.vti
run02,52,run02/052_density_052_064_2.0.vti
run02,53,run02/053_density_053_064_2.0.vti
run02,54,run02/054_density_054_064_2.0.vti
run02,55,run02/055_density_055_064_2.0.vti
run02,56,run02/056_density_056_064_2.0.vti
run02,57,run02/057_density_057_064_2.0.vti
run02,58,run02/058_density_058_064_2.0.vti
run02,59,run02/059_density_059_064_2.0.vti
run02,60,run02/060_density_060_064_2.0.vti
run02,61,run02/061_density_061_064_2.0.vti
run02,62,run02/062_density_062_064_2.0.vti
run02,63,run02/063_density_063_064_2.0.vti
run02,64,run02/064_density_064_064_2.0.vti
run02,65,run02/065_density_065_064_2.0.vti
run02,66,run02/066_density_066_064_2.0.vti
run02,67,run02/067_density_067_064_2.0.vti
run02,68,run02/068_density_068_064_2.0.vti
run02,69,run02/069_density_069_064_2.0.vti
run02,70,run02/070_density_070_064_2.0.vti
run02,71,run02/071_density_071_064_2.0.vti
run02,72,run02/072_density_072_064_2.0.vti
run02,73,run02/073_density_073_064_2.0.vti
run02,74,run02/074_density_074_064_2.0.vti
run02,75,run02/075_density_075_064_2.0.vti
run02,76,run02/076_density_076_064_2.0.vti
run02,77,run02/077_density_077_064_2.0.vti
run02,78,run02/078_density_078_064_2.0.vti
run02,79,run02/079_density_079_064_2.0.vti
run02,80,run02/080_density_080_064_2.0.vti
run02,81,run02/081_density_081_064_2.0.vti
run02,82,run02/082_density_082_064_2.0.vti
run02,83,run02/083_density_083_064_2.0.vti
run02,84,run02/084_density_084_064_2.0.vti
run02,85,run02/085_density_085_064_2.0.vti
run02,86,run02/086_density_086_064_2.0.vti
run02,87,run02/087_density_087_064_2.0.vti
run02,88,run02/088_density_088_064_2.0.vti
run02,89,run02/089_density_089_064_2.0.vti
run02,90,run02/090_density_090_064_2.0.vti
run02,91,run02/091_density_091_064_2.0.vti
run02,92,run02/092_density_092_064_2.0.vti
run02,93,run02/093_density_093_064_2.0.vti
run02,94,run02/094_density_094_064_2.0.vti
run02,95,run02/095_density_095_064_2.0.vti
run02,96,run02/096_density_096_064_2.0.vti
run02,97,run02/097_density_097_064_2.0.vti
run02,98,run02/098_density_098_064_2.0.vti
run02,99,run02/099_density_099_064_2.0.vti
run02,105,run02/105_density_105_064_2.0.vti
run02,106,run02/106_density_106_064_2.0.vti
run02,107,run02/107_density_107_064_2.0.vti
run02,108,run02/108_density_108_064_2.0.vti
run02,109,run02/109_density_109_064_2.0.vti
run02,110,run02/110_density_110_064_2.0.vti
run02,111,run02/111_density_111_064_2.0.vti
run02,112,run02/112_density_112_064_2.0.vti
run02,113,run02/113_density_113_064_2.0.vti
run02,114,run02/114_density_114_064_2.0.vti
run02,115,run02/115_density_115_064_2.0.vti
run02,116,run02/116_density_116_064_2.0.vti
run02,117,run02/117_density_117_064_2.0.vti
run02,118,run02/118_density_118_064_2.0.vti
run02,119,run02/119_density_119_064_2.0.vti
run02,120,run02/120_density_120_064_2.0.vti

